material	providers	head_durability	mining_speed	attack_damage	traits	cast_only
allthemodium	allthemodium	900	9.5	4.5	"{""general"":[""forgeweave:wellspring""],""armor"":[""forgeweave:depth_protection""]}"	True
alpha_yeti_fur	twilightforest	560	6.9	5.8	"{""general"":[""forgeweave:surgeward""]}"	False
aluminium	eternalores,immersiveengineering	160	6.5	2.5	"{""general"":[""forgeweave:featherfall""],""armor"":[""forgeweave:swiftward""]}"	True
alumite	immersiveengineering	620	8.8	5.0	"{""general"":[""forgeweave:skyborne""],""armor"":[""forgeweave:swiftward""]}"	True
ambrosium	aether	230	6.2	3.4	"{""general"":[""forgeweave:bloodward""]}"	False
amethyst	native	190	6.0	2.5	"{""general"":[""forgeweave:heft""]}"	False
amethyst_bronze	native	720	7.0	1.5	"{""armor"":[""forgeweave:crystalstrike""],""general"":[""forgeweave:crumbling""]}"	True
ancient	native	745	7.0	2.5	"{""general"":[""forgeweave:vintage""]}"	False
andesite_alloy	create	280	5.5	3.5	"{""general"":[""forgeweave:industrial""],""armor"":[""forgeweave:anchored""]}"	False
arctic_fur	twilightforest	500	6.6	5.1	"{""general"":[""forgeweave:bracingplate""]}"	False
ardite	native	990	3.5	3.6	"{""general"":[""forgeweave:petramor""],""head"":[""forgeweave:stonebound""],""armor"":[""forgeweave:depth_protection""]}"	True
atomic_alloy	mekanism	1000	9.0	6.0	"{""general"":[""forgeweave:energized3""],""armor"":[""forgeweave:heft2""]}"	False
atomic_matter_alloy	native	1500	9.0	8.5	"{""general"":[""forgeweave:energized4""]}"	True
awakened	draconicevolution	960	7.55	8.4	"{""general"":[""forgeweave:evolved2"",""forgeweave:ruthless"",""forgeweave:shieldbreaker""]}"	False
awakened_supremium	mysticalagriculture	1250	9.8	7.8	"{""armor"":[""forgeweave:magic_protection3""],""general"":[""forgeweave:keen_edge3""]}"	True
azure_electrum	silentgear	780	8.0	6.8	"{""general"":[""forgeweave:kinetic""],""armor"":[""forgeweave:swiftward""]}"	True
azure_silver	silentgear	560	7.2	5.2	"{""general"":[""forgeweave:ruthless""],""armor"":[""forgeweave:azure_silver_moonstep""]}"	True
basalt	native	145	4.6	3.2	"{""general"":[""forgeweave:earthmend""]}"	False
black_quartz	actuallyadditions	200	6.5	3.0	"{""general"":[""forgeweave:pristine""],""armor"":[""forgeweave:warded""]}"	False
blaze	native				"{""general"":[""forgeweave:hovering""]}"	False
blaze_gold	silentgear	260	6.6	3.8	"{""general"":[""forgeweave:fireward""]}"	True
blazegold	justdirethings	480	7.4	5.0	"{""general"":[""forgeweave:fireward""]}"	True
blazing_crystal	powah	640	8.0	6.0	"{""general"":[""forgeweave:energized""]}"	False
blueslime	native	780	4.03	1.8	"{""general"":[""forgeweave:slimey_blue"",""forgeweave:ecological""]}"	False
blutonium	bigreactors	390	5.6	4.6	"{""armor"":[""forgeweave:witherward""],""general"":[""forgeweave:blutonium_pulse""]}"	True
bone	native	200	5.09	2.5	"{""armor"":[""forgeweave:piercing_guard""],""general"":[""forgeweave:fractured""],""head"":[""forgeweave:splintering""],""shaft"":[""forgeweave:splitting""]}"	False
brass	create	360	6.5	4	"{""general"":[""forgeweave:precision""],""armor"":[""forgeweave:clockwork_stride""]}"	True
bronze	eternalores,mekanism	430	6.8	3.5	"{""general"":[""forgeweave:steadfast"",""forgeweave:stonewake""]}"	True
cactus	native	210	4.0	3.4	"{""armor"":[""forgeweave:thorns""],""general"":[""forgeweave:spiky""],""head"":[""forgeweave:prickly""]}"	False
carminite	twilightforest	520	6.5	5.4	"{""general"":[""forgeweave:voidward2"",""forgeweave:chaosmark""]}"	False
celestigem	justdirethings	520	6.6	5.8	"{""general"":[""forgeweave:energized2""]}"	False
certus_quartz	ae2	380	6.0	3.5	"{""general"":[""forgeweave:armor_breaker""],""armor"":[""forgeweave:melee_protection""]}"	False
chaotic	draconicevolution	980	7.7	8.8	"{""general"":[""forgeweave:evolved3"",""forgeweave:chaosmark""]}"	False
chorus	native	180	3.0	1.0	"{""armor"":[""forgeweave:enderclearance"",""forgeweave:overslime_friend""],""general"":[""forgeweave:steelfast""]}"	False
cinderforge	native	950	8.8	7.0	"{""general"":[""forgeweave:magmaforge"",""forgeweave:netherkeen""],""armor"":[""forgeweave:fireward""]}"	True
cobalt	native	780	12.0	4.1	"{""armor"":[""forgeweave:melee_protection""],""general"":[""forgeweave:lightweight""],""head"":[""forgeweave:fractured""]}"	True
compressed_iron	pneumaticcraft	280	6.4	3.6	"{""general"":[""forgeweave:heft""]}"	True
conductive_alloy	enderio	235	6.2	3.9	"{""general"":[""forgeweave:arcing""],""armor"":[""forgeweave:stormward""]}"	True
constantan	eternalores,immersiveengineering	320	5.6	4.5	"{""general"":[""forgeweave:energized""]}"	True
copper	native	210	5.3	3.0	"{""armor"":[""forgeweave:depth_protection""],""general"":[""forgeweave:established""]}"	True
cosmic_neutronium	avaritia	930	7.4	8.2	"{""general"":[""forgeweave:colossal""],""armor"":[""forgeweave:heft2""]}"	True
crimson_steel	silentgear	850	7.6	7.2	"{""general"":[""forgeweave:fireward""]}"	True
crystal_matrix	avaritia	860	7.0	7.0	"{""general"":[""forgeweave:vigorous""],""armor"":[""forgeweave:vigorward""]}"	True
cursium	cataclysm	880	7.4	6.5	"{""general"":[""forgeweave:grievous""],""armor"":[""forgeweave:blightward""]}"	True
cyanite	bigreactors	370	5.5	4.4	"{""armor"":[""forgeweave:cyanite_chillback""],""general"":[""forgeweave:cyanite_chill""]}"	True
dark_matter	projecte	820	6.8	6.5	"{""general"":[""forgeweave:shackling""],""armor"":[""forgeweave:voidward""]}"	True
dark_steel	enderio	850	5.6	7.0	"{""general"":[""forgeweave:predatory""],""armor"":[""forgeweave:battleworn""]}"	True
daybrass	native	1240	9.2	9.0	"{""general"":[""forgeweave:daybound"",""forgeweave:sunforged""]}"	True
deathworm_chitin_red	iceandfire	480	6.4	6.2	"{""general"":[""forgeweave:poisonous""],""armor"":[""forgeweave:venomward""]}"	False
deathworm_chitin_white	iceandfire	600	6.2	4.6	"{""general"":[""forgeweave:poisonous""],""armor"":[""forgeweave:venomward""]}"	False
deathworm_chitin_yellow	iceandfire	440	7.8	5.0	"{""general"":[""forgeweave:poisonous""],""armor"":[""forgeweave:venomward""]}"	False
deorum	forbidden_arcanus	900	7.8	6.4	"{""general"":[""forgeweave:bracingplate3""]}"	True
diamatine_crystal	actuallyadditions	340	6.8	4.4	"{""general"":[""forgeweave:surging2"",""forgeweave:surging""],""armor"":[""forgeweave:surgeward""]}"	False
draconium	draconicevolution	900	7.2	7.5	"{""general"":[""forgeweave:surging2""],""armor"":[""forgeweave:surgeward""]}"	True
draconium_awakened	draconicevolution	1000	7.8	9.2	"{""general"":[""forgeweave:surging3""],""armor"":[""forgeweave:surgeward""]}"	True
draconium_core	draconicevolution	920	7.3	7.8	"{""general"":[""forgeweave:evolving"",""forgeweave:ecological3""]}"	False
dragon_bone	iceandfire	260	6.4	3.7	"{""general"":[""forgeweave:ruthless""],""armor"":[""forgeweave:surgeward""]}"	True
dragonsteel_fire	iceandfire	940	7.6	6.9	"{""general"":[""forgeweave:fireward""]}"	True
dragonsteel_ice	iceandfire	930	7.5	6.8	"{""general"":[""forgeweave:bracingplate""]}"	True
dragonsteel_lightning	iceandfire	910	7.8	6.7	"{""general"":[""forgeweave:surging2""],""armor"":[""forgeweave:stormward""]}"	True
dragonyst	occultism	760	9.0	4.8	"{""general"":[""forgeweave:kinetic_charge""],""armor"":[""forgeweave:energized""]}"	False
dreadalloy	native	1320	9.2	8.4	"{""general"":[""forgeweave:dreadgrip""],""armor"":[""forgeweave:blightward""]}"	True
duskspar	native	760	8.0	4.5	"{""general"":[""forgeweave:duskmend""]}"	True
duskweld	draconicevolution	1080	8.1	9.4	"{""general"":[""forgeweave:evolving"",""forgeweave:soulrend""]}"	True
ebony_psimetal	psi	330	6.4	5.2	"{""general"":[""forgeweave:duskmend""]}"	True
eclipsealloy	justdirethings	900	7.6	6.8	"{""general"":[""forgeweave:energized3"",""forgeweave:lastbreath""]}"	True
electrum	eternalores,immersiveengineering	50	12.0	3.0	"{""general"":[""forgeweave:shocking""]}"	True
elementarium_chromium	native	269	5.91	4.31	"{""general"":[""forgeweave:fertilizing""]}"	True
elementarium_hafnium	native	555	5.49	5.69	"{""general"":[""forgeweave:surging2""]}"	True
elementarium_molybdenum	native	376	5.75	4.83	"{""general"":[""forgeweave:dominant""]}"	True
elementarium_palladium	native	400	5.72	4.94	"{""general"":[""forgeweave:ecological""]}"	True
elementarium_tantalum	native	561	5.49	5.71	"{""general"":[""forgeweave:dominant""]}"	True
elementarium_vanadium	native	263	5.91	4.29	"{""general"":[""forgeweave:emberwake""]}"	True
embercast	native	900	9.2	5.8	"{""general"":[""forgeweave:sunmend"",""forgeweave:netherkeen""]}"	True
emberweld	draconicevolution	1150	8.4	9.6	"{""general"":[""forgeweave:evolved"",""forgeweave:soulrend2""]}"	True
emeradic_crystal	actuallyadditions	430	6.2	3.2	"{""general"":[""forgeweave:heft2""]}"	False
emerald	native	260	6.5	3.0	"{""general"":[""forgeweave:pristine""],""armor"":[""forgeweave:warded""]}"	False
empowered_diamatine_crystal	actuallyadditions	790	7.9	7.4	"{""general"":[""forgeweave:surging3""],""armor"":[""forgeweave:surgeward""]}"	False
empowered_emeradic_crystal	actuallyadditions	940	7.3	5.8	"{""general"":[""forgeweave:heft3""]}"	False
empowered_enori_crystal	actuallyadditions	1010	6.9	5.5	"{""general"":[""forgeweave:revealing""],""armor"":[""forgeweave:revealward""]}"	False
empowered_palis_crystal	actuallyadditions	700	9.4	5.5	"{""general"":[""forgeweave:kinetic2""],""armor"":[""forgeweave:swiftward""]}"	False
empowered_restonia_crystal	actuallyadditions	740	7.5	8.0	"{""general"":[""forgeweave:colossal""],""armor"":[""forgeweave:bloodward""]}"	False
empowered_void_crystal	actuallyadditions	620	8.6	8.4	"{""general"":[""forgeweave:keen_edge2""],""armor"":[""forgeweave:voidward""]}"	False
end_steel	enderio	760	6.5	6.7	"{""general"":[""forgeweave:heft2""]}"	True
endrod	native				"{""general"":[""forgeweave:endspeed""]}"	False
endstone	native	420	3.23	3.23	"{""general"":[""forgeweave:enderference""],""head"":[""forgeweave:alien""],""projectile"":[""forgeweave:enderference""]}"	False
energetic_alloy	enderio	255	6.0	4.0	"{""general"":[""forgeweave:sparkforge""],""armor"":[""forgeweave:swiftward""]}"	True
energised_steel	powah	560	7.2	6.2	"{""general"":[""forgeweave:amberflow""],""armor"":[""forgeweave:swiftward""]}"	True
enori_crystal	actuallyadditions	470	5.8	3.0	"{""general"":[""forgeweave:luminous""],""armor"":[""forgeweave:revealward""]}"	False
faultsteel	native	1000	9.2	7.6	"{""general"":[""forgeweave:cascading"",""forgeweave:veinseeker""],""armor"":[""forgeweave:backlash""]}"	True
feather	native				"{""general"":[""forgeweave:featherglide""]}"	False
ferricore	justdirethings	240	6.2	3.5	"{""general"":[""forgeweave:heft""],""armor"":[""forgeweave:sure_footing"",""forgeweave:heft""]}"	True
fiery	twilightforest	920	7.5	6.9	"{""general"":[""forgeweave:fireward""]}"	True
firewood	native	550	6.0	5.5	"{""general"":[""forgeweave:autosmelt""]}"	False
flint	native	150	5.0	2.9	"{""general"":[""forgeweave:crude""],""head"":[""forgeweave:crude2""]}"	False
fluix	ae2	340	6.5	3.5	"{""armor"":[""forgeweave:stormward""],""general"":[""forgeweave:arcing2""]}"	False
fluorite	mekanism	150	5.0	3.0	"{""general"":[""forgeweave:energized""]}"	False
fulmenite	native	520	7.4	5.6	"{""general"":[""forgeweave:unstable_core"",""forgeweave:arcing""],""armor"":[""forgeweave:stormward""]}"	True
glowveil	native	1490	10.8	9.8	"{""general"":[""forgeweave:luminous"",""forgeweave:fallout""],""armor"":[""forgeweave:duskward""]}"	True
graphite	bigreactors,eternalores,immersiveengineering	130	7.0	1.8	"{""general"":[""forgeweave:grievous""]}"	True
gravitite	aether	620	6.8	4.8	"{""general"":[""forgeweave:kinetic""],""armor"":[""forgeweave:gravitite_levity""]}"	False
hardcinder	native	1080	9.2	7.2	"{""general"":[""forgeweave:leanharvest"",""forgeweave:netherkeen""],""armor"":[""forgeweave:depth_protection""]}"	True
hdpe	mekanism	85	8.0	2.0	"{""general"":[""forgeweave:steelfast""],""armor"":[""forgeweave:swiftward""]}"	False
hellforged	neovitae	1100	8.0	6.0	"{""general"":[""forgeweave:stiff""],""head"":[""forgeweave:vitae_siphon""],""armor"":[""forgeweave:magic_protection2""]}"	True
hepatizon	native	975	8.0	2.5	"{""general"":[""forgeweave:momentum""],""armor"":[""forgeweave:recurrent_protection""]}"	True
hollowsteel	native	1700	12.6	12.4	"{""general"":[""forgeweave:bloodtally"",""forgeweave:veinseeker2""],""armor"":[""forgeweave:backlash2""]}"	True
hollowstone	native	1140	9.8	7.6	"{""general"":[""forgeweave:hollowyield"",""forgeweave:veinseeker""],""armor"":[""forgeweave:depth_protection""]}"	True
ice	native				"{""general"":[""forgeweave:freezing""]}"	False
iesnium	occultism	820	10.0	4.5	"{""armor"":[""forgeweave:blightward""],""general"":[""forgeweave:enfeebling""]}"	True
ignitium	cataclysm	920	7.6	6.6	"{""general"":[""forgeweave:fireward""]}"	True
imperium	mysticalagriculture	740	7.6	5.2	"{""armor"":[""forgeweave:magic_protection2""],""general"":[""forgeweave:keen_edge2""]}"	True
inferium	mysticalagriculture	220	5.2	2.6	"{""armor"":[""forgeweave:magic_protection""],""general"":[""forgeweave:keen_edge""]}"	True
infinity	avaritia	990	7.7	9.0	"{""general"":[""forgeweave:escalating""],""armor"":[""forgeweave:surgeward""]}"	True
infused_alloy	mekanism	300	7.0	3.0	"{""general"":[""forgeweave:energized""],""armor"":[""forgeweave:swiftward""]}"	False
insanium	mysticalagradditions	1600	11.0	9.2	"{""armor"":[""forgeweave:magic_protection3""],""general"":[""forgeweave:keen_edge4""]}"	True
invar	eternalores,modern_industrialization	400	5.8	5.0	"{""general"":[""forgeweave:steadfast"",""forgeweave:emberwake""],""armor"":[""forgeweave:temperward""]}"	True
iridium	eternalores,modern_industrialization	720	6.0	6.5	"{""general"":[""forgeweave:kinetic""],""armor"":[""forgeweave:swiftward""]}"	True
iron	native	204	6.0	4.0	"{""armor"":[""forgeweave:projectile_protection""],""general"":[""forgeweave:magnetic""],""head"":[""forgeweave:magnetic2""]}"	True
ironbrand	native	800	7.5	6.0	"{""general"":[""forgeweave:gamedrop""],""armor"":[""forgeweave:bloodward""]}"	True
ironwood	twilightforest	260	6.3	3.6	"{""general"":[""forgeweave:heft""],""armor"":[""forgeweave:sure_footing"",""forgeweave:heft""]}"	True
ivory_psimetal	psi	430	6.0	3.4	"{""general"":[""forgeweave:sunmend""]}"	True
knightmetal	twilightforest	540	6.8	5.6	"{""general"":[""forgeweave:armor_breaker2""],""armor"":[""forgeweave:melee_protection""]}"	True
knightslime	native	850	5.8	5.1	"{""armor"":[""forgeweave:overshield"",""forgeweave:overslime""],""general"":[""forgeweave:unnatural""],""head"":[""forgeweave:armor_breaker""]}"	False
lead	eternalores,immersiveengineering,mekanism	434	5.25	3.5	"{""general"":[""forgeweave:poisonous"",""forgeweave:heft3""]}"	True
leaf	native				"{""general"":[""forgeweave:leafsprung""]}"	False
ludicrite	bigreactors	900	6.0	6.5	"{""armor"":[""forgeweave:witherward""],""general"":[""forgeweave:arcing2""]}"	True
magmaslime	native	600	2.1	7.0	"{""general"":[""forgeweave:flammable""],""head"":[""forgeweave:superheat""]}"	False
manyullyn	native	820	7.02	8.72	"{""armor"":[""forgeweave:warded""],""general"":[""forgeweave:coldblooded""],""head"":[""forgeweave:insatiable""]}"	True
mendalloy	native	1240	9.0	9.0	"{""general"":[""forgeweave:merciful""],""armor"":[""forgeweave:mendward""]}"	True
mendstone	native	1380	9.4	9.5	"{""general"":[""forgeweave:ecological3""],""armor"":[""forgeweave:mendward""]}"	True
murkiron	native	1160	8.2	7.4	"{""general"":[""forgeweave:blighted""],""head"":[""forgeweave:harrying""],""handle"":[""forgeweave:duskgrasp"",""forgeweave:dusksnare""],""armor"":[""forgeweave:blightward""]}"	True
naga_scale	twilightforest	250	6.0	3.4	"{""general"":[""forgeweave:bracingplate""]}"	False
nahuatl	native	350	4.5	3.0	"{""general"":[""forgeweave:lacerating""],""armor"":[""forgeweave:venomward""]}"	False
necrotic_bone	native	125	4.0	2.25	"{""general"":[""forgeweave:necrotic""],""armor"":[""forgeweave:restore""]}"	False
netherite	native	1050	8.0	7.0	"{""general"":[""forgeweave:writable2""]}"	True
netherrack	native	270	4.5	3.0	"{""general"":[""forgeweave:hellish""],""head"":[""forgeweave:aridiculous"",""forgeweave:hellish""]}"	False
nickel	eternalores,immersiveengineering	260	6.0	4.0	"{""general"":[""forgeweave:seismic""],""armor"":[""forgeweave:stormward""]}"	True
nightshale	native	1090	8.4	8.0	"{""general"":[""forgeweave:nocturnal_edge""],""armor"":[""forgeweave:duskward""]}"	True
niotic_crystal	powah	720	8.5	6.5	"{""general"":[""forgeweave:energized2""]}"	False
nitro_crystal	powah	900	9.6	7.6	"{""general"":[""forgeweave:energized3""]}"	False
obsidian	native	139	7.07	4.2	"{""armor"":[""forgeweave:blast_protection""],""general"":[""forgeweave:duritos""]}"	False
osgloglas	mekanism	1020	9.6	5.8	"{""general"":[""forgeweave:fractured""],""armor"":[""forgeweave:temperward""]}"	True
osmiridium	mekanism,modern_industrialization	950	8.0	5.5	"{""general"":[""forgeweave:heft2""]}"	True
osmium	eternalores,mekanism	480	6.5	3.2	"{""general"":[""forgeweave:leadfoot"",""forgeweave:heavy""]}"	True
palis_crystal	actuallyadditions	300	8.2	3.0	"{""general"":[""forgeweave:kinetic""],""armor"":[""forgeweave:swiftward""]}"	False
paper	native	12	0.51	0.05	"{""general"":[""forgeweave:writable""],""head"":[""forgeweave:writable2""]}"	False
pig_iron	native	380	6.2	4.5	"{""general"":[""forgeweave:tasty""],""head"":[""forgeweave:baconlicious"",""forgeweave:tasty""]}"	True
pink_slime	industrialforegoing	400	6.0	4.2	"{""general"":[""forgeweave:heft""]}"	True
platinum	eternalores,modern_industrialization	460	6.4	5.0	"{""general"":[""forgeweave:dense""]}"	True
prismarine	native	430	5.5	6.2	"{""general"":[""forgeweave:aquadynamic""],""head"":[""forgeweave:jagged"",""forgeweave:aquadynamic""]}"	False
prosperity	mysticalagriculture	300	6.0	3.0	"{""armor"":[""forgeweave:mendward""],""general"":[""forgeweave:prosperity_bloom""]}"	True
prudentium	mysticalagriculture	380	6.0	3.4	"{""armor"":[""forgeweave:magic_protection""],""general"":[""forgeweave:keen_edge""]}"	True
psigem	psi	300	6.0	4.2	"{""general"":[""forgeweave:solar_recharge""]}"	False
psimetal	psi	190	6.2	3.6	"{""general"":[""forgeweave:sunmend""]}"	True
pulsating_alloy	enderio	245	5.8	3.8	"{""general"":[""forgeweave:skyborne""],""armor"":[""forgeweave:swiftward""]}"	True
quakestone	native	660	8.4	6.6	"{""general"":[""forgeweave:quakecrumble""],""armor"":[""forgeweave:backlash""]}"	True
quartz_enriched_iron	eternalores,refinedstorage	260	6.2	3.0	"{""armor"":[""forgeweave:temperward""],""general"":[""forgeweave:keen_edge""]}"	True
queens_slime	native	1650	6.0	2.0	"{""general"":[""forgeweave:overlord"",""forgeweave:overslime""]}"	True
red_matter	projecte	870	7.0	7.2	"{""general"":[""forgeweave:voidrend"",""forgeweave:opportunist""],""armor"":[""forgeweave:voidward""]}"	True
redstone_alloy	enderio	120	6.0	2.0	"{""general"":[""forgeweave:duskmend""]}"	True
reed	native				"{""general"":[""forgeweave:breakable""]}"	False
refined_glowstone	mekanism	420	9.5	3.3	"{""general"":[""forgeweave:revealing""],""armor"":[""forgeweave:revealward""]}"	True
refined_obsidian	mekanism	900	8.5	5.0	"{""general"":[""forgeweave:seismic""],""armor"":[""forgeweave:heft2""]}"	True
reinforced_alloy	mekanism	650	8.0	4.5	"{""general"":[""forgeweave:energized2""],""armor"":[""forgeweave:heft""]}"	False
resonite	native	1300	10.0	8.8	"{""general"":[""forgeweave:dominant""],""armor"":[""forgeweave:vigorward""]}"	True
restonia_crystal	actuallyadditions	320	6.4	4.8	"{""general"":[""forgeweave:colossal""],""armor"":[""forgeweave:bloodward""]}"	False
riftalloy	native	1310	9.5	9.0	"{""general"":[""forgeweave:riftstep""],""armor"":[""forgeweave:voidward""]}"	True
rose_gold	native	90	10.0	2.0	"{""general"":[""forgeweave:quick""],""armor"":[""forgeweave:swiftward""]}"	True
rose_quartz	create	190	6	5	"{""general"":[""forgeweave:focused""],""armor"":[""forgeweave:crystal_ward""]}"	False
seared_stone	native	225	6.5	1.5	"{""general"":[""forgeweave:searing""],""armor"":[""forgeweave:fire_protection""]}"	False
shardline	native	800	9.0	7.5	"{""general"":[""forgeweave:pristine""],""armor"":[""forgeweave:warded""]}"	True
silicon	eternalores,refinedstorage	150	5.0	2.2	"{""general"":[""forgeweave:writable""]}"	True
silver	eternalores,iceandfire,immersiveengineering,occultism	250	5.0	5.0	"{""armor"":[""forgeweave:consecrated""],""general"":[""forgeweave:holy""]}"	True
skipalloy	native	920	9.0	6.9	"{""general"":[""forgeweave:quickstep""],""armor"":[""forgeweave:swiftward""]}"	True
sky_stone	ae2	260	4.0	3.0	"{""general"":[""forgeweave:starforged""]}"	False
slime	native	1000	4.24	1.8	"{""general"":[""forgeweave:slimey_green"",""forgeweave:ecological""]}"	False
slimeleaf_blue	native				"{""general"":[""forgeweave:skyborne"",""forgeweave:ecological""]}"	False
slimeleaf_orange	native				"{""general"":[""forgeweave:skyborne"",""forgeweave:ecological""]}"	False
slimeleaf_purple	native				"{""general"":[""forgeweave:skyborne"",""forgeweave:ecological""]}"	False
slimevine_blue	native				"{""armor"":[""forgeweave:skyfall"",""forgeweave:vinewarden""],""general"":[""forgeweave:ecological""]}"	False
slimevine_purple	native				"{""general"":[""forgeweave:skyborne"",""forgeweave:ecological""]}"	False
slimewood	native	375	4.0	1.0	"{""general"":[""forgeweave:overgrowth"",""forgeweave:overslime""]}"	True
soularium	enderio	450	5.6	5.6	"{""general"":[""forgeweave:soulrend2""],""armor"":[""forgeweave:bloodward""]}"	True
soulium	mysticalagriculture	460	6.5	4.6	"{""armor"":[""forgeweave:bloodward""],""general"":[""forgeweave:soulrend""]}"	True
spirit_attuned_gem	occultism	390	6.6	3.6	"{""general"":[""forgeweave:duskmend""]}"	False
spirited_crystal	powah	800	9.0	7.0	"{""general"":[""forgeweave:energized2""]}"	False
sponge	native	1050	3.02	0.0	"{""general"":[""forgeweave:squeaky""]}"	False
starfall_stone	native	760	10.0	4.0	"{""general"":[""forgeweave:obliterate"",""forgeweave:swiftdig""],""armor"":[""forgeweave:depth_protection""]}"	True
starweld	draconicevolution	1400	9.2	11.0	"{""general"":[""forgeweave:evolved2"",""forgeweave:soulrend3""]}"	True
steel	native	540	7.0	6.0	"{""general"":[""forgeweave:stiff""],""head"":[""forgeweave:sharp""],""armor"":[""forgeweave:melee_protection""]}"	True
steeleaf	twilightforest	500	7.3	5.2	"{""general"":[""forgeweave:ruthless""],""armor"":[""forgeweave:surgeward""]}"	True
stone	native	120	4.0	3.0	"{""general"":[""forgeweave:cheap""],""head"":[""forgeweave:cheapskate""]}"	False
stormalloy	native	1420	11.4	9.8	"{""general"":[""forgeweave:unraveling"",""forgeweave:stormfed""],""armor"":[""forgeweave:voidward"",""forgeweave:stormward""]}"	True
string	native				"{""general"":[""forgeweave:truestring""]}"	False
sunsteel	native	1680	11.2	11.0	"{""general"":[""forgeweave:seismic"",""forgeweave:sunforged""],""armor"":[""forgeweave:heft2""]}"	True
supremium	mysticalagriculture	960	8.6	6.4	"{""armor"":[""forgeweave:magic_protection2""],""general"":[""forgeweave:keen_edge2""]}"	True
tertium	mysticalagriculture	560	6.8	4.2	"{""armor"":[""forgeweave:magic_protection""],""general"":[""forgeweave:keen_edge""]}"	True
tideiron	native	920	8.8	6.9	"{""general"":[""forgeweave:tidebreaker""],""armor"":[""forgeweave:tideward""]}"	True
tin	eternalores,mekanism	140	6.0	2.0	"{""general"":[""forgeweave:steadfast"",""forgeweave:quick""]}"	True
titanium	eternalores,modern_industrialization	520	6.6	5.5	"{""general"":[""forgeweave:quartzheart""],""armor"":[""forgeweave:vigorward""]}"	True
troll_leather_forest	iceandfire	460	7.6	4.6	"{""general"":[""forgeweave:ecological2""]}"	False
troll_leather_frost	iceandfire	620	6.0	4.4	"{""general"":[""forgeweave:ecological2""]}"	False
troll_leather_mountain	iceandfire	500	6.2	6.2	"{""general"":[""forgeweave:ecological2""]}"	False
truesteel	native	1800	13.0	12.8	"{""general"":[""forgeweave:berserker_stance"",""forgeweave:warcharge2""],""armor"":[""forgeweave:bloodward""]}"	True
tungsten	eternalores,modern_industrialization	620	5.4	6.0	"{""general"":[""forgeweave:armor_breaker""],""armor"":[""forgeweave:melee_protection""]}"	True
tyrian_steel	silentgear	980	7.4	7.6	"{""general"":[""forgeweave:lastbreath""]}"	True
unobtainium	allthemodium	870	8.5	6.0	"{""general"":[""forgeweave:unraveling3""],""armor"":[""forgeweave:voidward""]}"	True
unobtainium_allthemodium_alloy	allthemodium	950	8.5	6.5	"{""general"":[""forgeweave:emberdrink""]}"	True
unobtainium_vibranium_alloy	allthemodium	900	9.0	7.5	"{""armor"":[""forgeweave:mendward""],""general"":[""forgeweave:soulrend""]}"	True
uraninite	eternalores,powah	420	5.0	4.0	"{""armor"":[""forgeweave:blightward""],""general"":[""forgeweave:grievous""]}"	True
uranium	bigreactors,eternalores,immersiveengineering,mekanism	500	5.2	6.0	"{""general"":[""forgeweave:enfeebling""],""armor"":[""forgeweave:blightward""]}"	True
vibranium	allthemodium	850	8.0	7.0	"{""general"":[""forgeweave:unraveling2""],""armor"":[""forgeweave:voidward""]}"	True
vibranium_allthemodium_alloy	allthemodium	920	8.8	7.0	"{""general"":[""forgeweave:bracingplate2""]}"	True
vibrant_alloy	enderio	500	6.6	5.4	"{""general"":[""forgeweave:stormcaller""],""armor"":[""forgeweave:stormward""]}"	True
vine	native				"{""general"":[""forgeweave:ecological""]}"	False
void_crystal	actuallyadditions	260	7.4	5.0	"{""general"":[""forgeweave:fractured""],""armor"":[""forgeweave:voidward""]}"	False
voidglass	native	740	7.0	4.5	"{""general"":[""forgeweave:alien2""]}"	True
voidweld	draconicevolution	1750	10.0	13.0	"{""general"":[""forgeweave:evolved3"",""forgeweave:soulrend4""]}"	True
voltcinder	native	820	6.5	5.0	"{""general"":[""forgeweave:overburdened"",""forgeweave:warcharge""],""armor"":[""forgeweave:heft2""]}"	True
warspar	native	1220	8.8	8.4	"{""general"":[""forgeweave:warmemory"",""forgeweave:warcharge""]}"	True
wood	native	35	2.0	2.0	"{""general"":[""forgeweave:ecological""]}"	False
wyvern	draconicevolution	940	7.4	8.0	"{""general"":[""forgeweave:evolved"",""forgeweave:stonewake""]}"	False
zanite	aether	270	6.8	4.0	"{""general"":[""forgeweave:stonebound""]}"	False
zinc	create	180	5	2.5	"{""general"":[""forgeweave:galvanized""],""armor"":[""forgeweave:galvanized_guard""]}"	True
