material_id	color	origin	check
allthemodium	#E98219	allthemodium	source item reviewed
alpha_yeti_fur	#C9D6DC	twilightforest	source item reviewed
aluminium	#C6C7C8	c	project palette reviewed
alumite	#F5C7F8	immersiveengineering	Track B palette sync
ambrosium	#F2C94C	aether	source item reviewed
amethyst	#B38EF1	c	project palette reviewed
amethyst_bronze	#C687BD	forgeweave	project palette reviewed
ancient	#654740	minecraft	source item reviewed
arctic_fur	#DCEEF5	twilightforest	source item reviewed
ardite	#D14210	forgeweave	1.12 upstream exact
atomic_matter_alloy	#3CA4FC	forgeweave	Track B palette sync
awakened	#D7510A	draconicevolution	source item reviewed
awakened_supremium	#D37B00	mysticalagriculture	source item reviewed
azure_electrum	#4575E3	silentgear	source item reviewed
azure_silver	#8E4BDA	silentgear	source item reviewed
basalt	#5C5F66	minecraft	source item reviewed
black_quartz	#2B2B2E	actuallyadditions	source item reviewed
blaze	#FFC100	minecraft	1.12 upstream exact
blaze_gold	#E3A645	silentgear	source item reviewed
blazegold	#D66C4C	justdirethings	source item reviewed
blazing_crystal	#FF7A29	powah	source item reviewed
blueslime	#74C8C7	forgeweave	1.12 upstream exact
blutonium	#3A5FE0	bigreactors	source item reviewed
bone	#EDE6BF	minecraft	1.12 upstream exact
bronze	#E3BD68	c	1.12 upstream exact
cactus	#00A10F	minecraft	1.12 upstream exact
carminite	#9E1B32	twilightforest	source item reviewed
celestigem	#19B1AD	justdirethings	source item reviewed
certus_quartz	#D9E8F5	ae2	source item reviewed
chaotic	#999999	draconicevolution	source item reviewed
chorus	#8F648F	minecraft	source item reviewed
cinderforge	#E07B00	forgeweave	Track B palette sync
cobalt	#2882D4	forgeweave	1.12 upstream exact
compressed_iron	#858585	pneumaticcraft	source item reviewed
conductive_alloy	#C78370	enderio	source item reviewed
constantan	#A8794A	c	project palette reviewed
copper	#ED9F07	minecraft	1.12 upstream exact
cosmic_neutronium	#3F424D	avaritia	source item reviewed
crimson_steel	#DC143C	silentgear	source item reviewed
crystal_matrix	#7FD9F5	avaritia	source item reviewed
cursium	#35BFA2	cataclysm	source item reviewed
cyanite	#8FC2ED	bigreactors	source item reviewed
dark_matter	#1A0A26	projecte	source item reviewed
dark_steel	#272727	enderio	source item reviewed
daybrass	#B6A643	forgeweave	Track B palette sync
deathworm_chitin_red	#A83232	iceandfire	source item reviewed
deathworm_chitin_white	#E8E4D0	iceandfire	source item reviewed
deathworm_chitin_yellow	#D4B83A	iceandfire	source item reviewed
deorum	#D29224	forbidden_arcanus	source item reviewed
diamatine_crystal	#7FD9E8	actuallyadditions	source item reviewed
draconium	#5B4BC4	draconicevolution	source item reviewed
draconium_awakened	#F06000	draconicevolution	source item reviewed
draconium_core	#315AAB	draconicevolution	source item reviewed
dragon_bone	#E3D6A0	iceandfire	source item reviewed
dragonsteel_fire	#B23A1E	iceandfire	source item reviewed
dragonsteel_ice	#5FA8D3	iceandfire	source item reviewed
dragonsteel_lightning	#6A4C93	iceandfire	source item reviewed
dragonyst	#7A2E8C	occultism	source item reviewed
dreadalloy	#1E3E23	forgeweave	Track B palette sync
duskspar	#9C67D2	forgeweave	Track B palette sync
duskweld	#7E2A6E	draconicevolution	Track B palette sync
ebony_psimetal	#221E26	psi	source item reviewed
eclipsealloy	#1B2A4A	justdirethings	source item reviewed
electrum	#E8DB49	c	1.12 upstream exact
elementarium_chromium	#B8C4C8	c	project palette reviewed
elementarium_hafnium	#4F5D63	c	project palette reviewed
elementarium_molybdenum	#8C9296	c	project palette reviewed
elementarium_palladium	#CED0CE	c	project palette reviewed
elementarium_tantalum	#3B4750	c	project palette reviewed
elementarium_vanadium	#8A8F94	c	project palette reviewed
embercast	#FFA800	forgeweave	Track B palette sync
emberweld	#FF5A4A	draconicevolution	Track B palette sync
emeradic_crystal	#3FBF6B	actuallyadditions	source item reviewed
emerald	#58E78E	c	project palette reviewed
empowered_diamatine_crystal	#35F1FF	actuallyadditions	source item reviewed
empowered_emeradic_crystal	#44E033	actuallyadditions	source item reviewed
empowered_enori_crystal	#CEDDD4	actuallyadditions	source item reviewed
empowered_palis_crystal	#5171FF	actuallyadditions	source item reviewed
empowered_restonia_crystal	#FF2F21	actuallyadditions	source item reviewed
empowered_void_crystal	#8B4FCC	actuallyadditions	source item reviewed
end_steel	#B1B48A	enderio	source item reviewed
endrod	#E8FFD6	minecraft	1.12 upstream exact
endstone	#E0D890	minecraft	1.12 upstream exact
energetic_alloy	#E57E34	enderio	source item reviewed
energised_steel	#BA9566	powah	source item reviewed
enori_crystal	#EDEDED	actuallyadditions	source item reviewed
faultsteel	#836F40	forgeweave	Track B palette sync
feather	#EEEEEE	minecraft	1.12 upstream exact
ferricore	#88B9BC	justdirethings	source item reviewed
fiery	#861540	twilightforest	source item reviewed
firewood	#CC5300	forgeweave	1.12 upstream exact
flint	#696969	minecraft	1.12 upstream exact
fluix	#8A3FA0	ae2	source item reviewed
fluorite	#8FB8E0	mekanism	source item reviewed
fulmenite	#C7FA4F	forgeweave	Track B palette sync
glowveil	#17F3C5	forgeweave	Track B palette sync
graphite	#36393B	c	project palette reviewed
gravitite	#A52F9A	aether	source item reviewed
hardcinder	#C72C20	forgeweave	Track B palette sync
hdpe	#EDE7D9	mekanism	source item reviewed
hepatizon	#60496B	forgeweave	project palette reviewed
hollowsteel	#83A3C3	forgeweave	Track B palette sync
hollowstone	#F8EEB3	forgeweave	Track B palette sync
ice	#97D7E0	minecraft	1.12 upstream exact
iesnium	#75ACB3	occultism	source item reviewed
ignitium	#FF4500	cataclysm	source item reviewed
imperium	#0085DD	mysticalagriculture	source item reviewed
inferium	#94B200	mysticalagriculture	source item reviewed
infinity	#F5E9C8	avaritia	source item reviewed
insanium	#7100B2	mysticalagradditions	source item reviewed
invar	#D1CDB9	c	project palette reviewed
iridium	#EBEBFF	c	project palette reviewed
iron	#CACACA	minecraft	1.12 upstream exact
ironbrand	#BA6749	forgeweave	Track B palette sync
ironwood	#8A9B5E	twilightforest	source item reviewed
ivory_psimetal	#F5F0E1	psi	source item reviewed
knightmetal	#7A8FA6	twilightforest	source item reviewed
knightslime	#F18FF0	forgeweave	1.12 upstream exact
lead	#4D4968	c	1.12 upstream exact
leaf	#1D730C	minecraft	1.12 upstream exact
ludicrite	#AC48E0	bigreactors	source item reviewed
magmaslime	#FF960D	forgeweave	1.12 upstream exact
manyullyn	#A15CF8	forgeweave	1.12 upstream exact
mendalloy	#87D780	forgeweave	Track B palette sync
mendstone	#E2B288	forgeweave	Track B palette sync
murkiron	#206553	forgeweave	Track B palette sync
naga_scale	#5C7A3D	twilightforest	source item reviewed
nahuatl	#3B2754	forgeweave	project palette reviewed
necrotic_bone	#4D4D4D	forgeweave	project palette reviewed
netherite	#4A3B47	minecraft	source item reviewed
netherrack	#B84F4F	minecraft	1.12 upstream exact
nickel	#C7C2AC	c	project palette reviewed
nightshale	#394393	forgeweave	Track B palette sync
niotic_crystal	#00A4BD	powah	source item reviewed
nitro_crystal	#E63946	powah	source item reviewed
obsidian	#601CC4	minecraft	1.12 upstream exact
osgloglas	#638D76	mekanism	Track B palette sync
osmiridium	#C0A4D5	mekanism	Track B palette sync
osmium	#5764DB	c	project palette reviewed
palis_crystal	#3B6FC2	actuallyadditions	source item reviewed
paper	#FFFFFF	minecraft	1.12 upstream exact
pig_iron	#EF9E9B	forgeweave	1.12 upstream exact
pink_slime	#D99BD9	industrialforegoing	source item reviewed
platinum	#E5E5E5	c	project palette reviewed
prismarine	#7EDEBC	minecraft	1.12 upstream exact
prosperity	#84A2A2	mysticalagriculture	source item reviewed
prudentium	#00AD1A	mysticalagriculture	source item reviewed
psigem	#9574D5	psi	source item reviewed
psimetal	#9EACEB	psi	source item reviewed
pulsating_alloy	#43CBB0	enderio	source item reviewed
quakestone	#7A9B44	forgeweave	Track B palette sync
quartz_enriched_iron	#CDCCCA	refinedstorage	source item reviewed
queens_slime	#68C593	forgeweave	project palette reviewed
red_matter	#B71B1B	projecte	source item reviewed
redstone_alloy	#C8352B	enderio	source item reviewed
reed	#AADB74	minecraft	1.12 upstream exact
refined_glowstone	#F9E75B	mekanism	source item reviewed
refined_obsidian	#2E1743	mekanism	source item reviewed
resonite	#00B5B0	forgeweave	Track B palette sync
restonia_crystal	#C23B3B	actuallyadditions	source item reviewed
riftalloy	#A04C9A	forgeweave	Track B palette sync
rose_gold	#B76E79	forgeweave	project palette reviewed
seared_stone	#4F4A47	forgeweave	project palette reviewed
shardline	#ADE5FF	forgeweave	Track B palette sync
silicon	#4A4A4A	c	project palette reviewed
silver	#D1ECF6	c	1.12 upstream exact
skipalloy	#76D9D3	forgeweave	Track B palette sync
sky_stone	#4A4A52	ae2	source item reviewed
slime	#82C873	forgeweave	1.12 upstream exact
slimeleaf_blue	#74C8C7	forgeweave	1.12 upstream exact
slimeleaf_orange	#FF960D	forgeweave	1.12 upstream exact
slimeleaf_purple	#C873C8	forgeweave	1.12 upstream exact
slimevine_blue	#74C8C7	forgeweave	1.12 upstream exact
slimevine_purple	#C873C8	forgeweave	1.12 upstream exact
slimewood	#82C873	forgeweave	project palette reviewed
soularium	#A88863	enderio	source item reviewed
soulium	#8C563C	mysticalagriculture	source item reviewed
spirit_attuned_gem	#7E5BA6	occultism	source item reviewed
spirited_crystal	#00BD00	powah	source item reviewed
sponge	#CACC4E	minecraft	1.12 upstream exact
starfall_stone	#A0C4F8	forgeweave	Track B palette sync
starweld	#2832D2	draconicevolution	Track B palette sync
steel	#A7A7A7	forgeweave	1.12 upstream exact
steeleaf	#4E7A3D	twilightforest	source item reviewed
stone	#999999	minecraft	1.12 upstream exact
stormalloy	#706DA4	forgeweave	Track B palette sync
string	#EEEEEE	minecraft	1.12 upstream exact
sunsteel	#DED26D	forgeweave	Track B palette sync
supremium	#D30000	mysticalagriculture	source item reviewed
tertium	#D84800	mysticalagriculture	source item reviewed
tideiron	#007F98	forgeweave	Track B palette sync
tin	#D4D4D4	c	project palette reviewed
titanium	#8A8F92	c	project palette reviewed
troll_leather_forest	#4A5C3A	iceandfire	source item reviewed
troll_leather_frost	#A8C4D6	iceandfire	source item reviewed
troll_leather_mountain	#7A6B5C	iceandfire	source item reviewed
truesteel	#DCFFFF	forgeweave	Track B palette sync
tungsten	#545454	c	project palette reviewed
tyrian_steel	#B01080	silentgear	source item reviewed
unobtainium	#8C36C8	allthemodium	source item reviewed
unobtainium_allthemodium_alloy	#B75A75	allthemodium	source item reviewed
unobtainium_vibranium_alloy	#367E9A	allthemodium	source item reviewed
uraninite	#7FA83B	c	project palette reviewed
uranium	#A8B84B	c	project palette reviewed
vibranium	#18A878	allthemodium	source item reviewed
vibranium_allthemodium_alloy	#8CA65A	allthemodium	source item reviewed
vibrant_alloy	#D6F079	enderio	source item reviewed
vine	#40A10F	minecraft	1.12 upstream exact
void_crystal	#241933	actuallyadditions	source item reviewed
voidglass	#4A1951	forgeweave	Track B palette sync
voidweld	#8A2BE2	draconicevolution	Track B palette sync
voltcinder	#00C9F2	forgeweave	Track B palette sync
warspar	#A0163A	forgeweave	Track B palette sync
wood	#8E661B	minecraft	1.12 upstream exact
wyvern	#75428D	draconicevolution	source item reviewed
zanite	#7A36E0	aether	source item reviewed
